City_ID,City,Country,Date,Lat,Lng,Max Temp,Humidity,Cloudiness,Wind Speed
0,Ouallam,NE,2/3/2022 21:01,14.3188,2.0866,71.19,12,6,11.36
1,Puerto Escondido,MX,2/3/2022 21:01,15.85,-97.0667,83.66,54,0,8.08
2,Nikolskoye,RU,2/3/2022 21:01,59.7035,30.7861,3.09,100,97,1.48
3,Balikpapan,ID,2/3/2022 21:01,-1.2675,116.8289,77.99,83,40,2.3
4,Tasiilaq,GL,2/3/2022 21:01,65.6145,-37.6368,12.36,59,100,7.09
5,Aquiraz,BR,2/3/2022 21:01,-3.9014,-38.3911,83.17,81,65,8.84
6,Cape Town,ZA,2/3/2022 21:01,-33.9258,18.4232,65.08,65,8,1.99
7,Dikson,RU,2/3/2022 21:01,73.5069,80.5464,-15.99,99,100,5.14
8,Vaini,TO,2/3/2022 21:01,-21.2,-175.2,80.91,78,88,11.39
9,New Norfolk,AU,2/3/2022 21:01,-42.7826,147.0587,50.76,77,14,1.83
10,Carnarvon,AU,2/3/2022 21:01,-24.8667,113.6333,78.15,78,37,12.71
11,Lorengau,PG,2/3/2022 21:01,-2.0226,147.2712,78.96,82,100,5.93
12,Cayenne,GF,2/3/2022 21:01,4.9333,-52.3333,78.1,89,75,3
13,Tuktoyaktuk,CA,2/3/2022 21:01,69.4541,-133.0374,-18.54,99,100,10.45
14,Albany,US,2/3/2022 21:00,42.6001,-73.9662,42.19,94,100,4.38
15,Poum,NC,2/3/2022 21:01,-20.2333,164.0167,81.9,84,96,14.32
16,Souillac,MU,2/3/2022 21:01,-20.5167,57.5167,80.37,90,100,25.01
17,Castro,BR,2/3/2022 21:01,-24.7911,-50.0119,71.56,91,71,3.38
18,Port Hardy,CA,2/3/2022 21:01,50.6996,-127.4199,42.76,93,100,13.27
19,Faya,SA,2/3/2022 21:01,18.3851,42.4509,57.72,72,55,3.38
20,Shingu,JP,2/3/2022 21:01,33.7333,135.9833,40.91,72,89,6.78
21,Kardla,EE,2/3/2022 21:01,58.9978,22.7492,24.06,92,70,7.58
22,Samsun,TR,2/3/2022 21:00,41.25,36.3333,48.99,73,100,8.01
23,Ushuaia,AR,2/3/2022 21:01,-54.8,-68.3,47.3,59,100,5.23
24,Magadan,RU,2/3/2022 21:01,59.5667,150.8,0.81,75,25,10.31
25,Hobart,AU,2/3/2022 20:59,-42.8794,147.3294,51.12,87,20,1.01
26,Jalingo,NG,2/3/2022 21:01,8.8833,11.3667,74.86,18,2,4.09
27,Belmonte,BR,2/3/2022 21:01,-15.8631,-38.8828,80.37,76,21,8.72
28,Praya,CV,2/3/2022 21:01,14.9215,-23.5087,73.94,53,0,6.91
29,Zabol,AF,2/3/2022 21:01,32.25,67.25,31.57,57,0,10.25
30,Zyryanskoye,RU,2/3/2022 21:01,56.8306,86.6258,10.99,95,98,8.01
31,Bredasdorp,ZA,2/3/2022 21:01,-34.5322,20.0403,63.28,73,12,6.82
32,Saint-Philippe,RE,2/3/2022 21:01,-21.3585,55.7679,80.15,94,100,33.4
33,Abapo,BO,2/3/2022 21:01,-18.8333,-63.4667,86.61,45,50,12.86
34,Sitka,US,2/3/2022 21:01,57.0531,-135.33,36.43,95,100,7.83
35,Barrow,US,2/3/2022 21:01,71.2906,-156.7887,-25.58,68,0,0
36,Dingle,PH,2/3/2022 21:01,10.9995,122.6711,74.5,93,94,7.87
37,Botou,CN,2/3/2022 21:01,38.0667,116.5667,24.58,45,81,7.25
38,Nouakchott,MR,2/3/2022 21:01,18.0858,-15.9785,80.53,24,0,11.77
39,Busselton,AU,2/3/2022 21:01,-33.65,115.3333,79.05,40,47,7.94
40,Kavieng,PG,2/3/2022 21:01,-2.5744,150.7967,81.03,77,93,8.39
41,Nemuro,JP,2/3/2022 21:01,43.3236,145.575,21.07,71,15,13.38
42,Necochea,AR,2/3/2022 21:00,-38.5473,-58.7368,77.04,64,100,12.77
43,Srednekolymsk,RU,2/3/2022 21:01,67.45,153.6833,-37.32,100,48,1.28
44,Rikitea,PF,2/3/2022 21:01,-23.1203,-134.9692,77.61,77,100,16.17
45,Khatanga,RU,2/3/2022 21:01,71.9667,102.5,-33.39,100,33,3.15
46,Makakilo City,US,2/3/2022 21:01,21.3469,-158.0858,77.68,52,1,9.42
47,Mount Isa,AU,2/3/2022 21:01,-20.7333,139.5,71.37,43,100,14.97
48,Avarua,CK,2/3/2022 21:01,-21.2078,-159.775,82.45,78,75,17.27
49,Mataura,NZ,2/3/2022 21:01,-46.1927,168.8643,52.48,99,100,0.18
50,Arraial Do Cabo,BR,2/3/2022 21:01,-22.9661,-42.0278,75.7,89,100,13.69
51,Kahului,US,2/3/2022 21:01,20.8947,-156.47,78.96,72,3,10
52,Gotsu,JP,2/3/2022 21:01,35,132.2167,41.56,55,100,11.56
53,Saint-Pierre,RE,2/3/2022 21:01,-21.3393,55.4781,80.24,93,100,29.53
54,Pocone,BR,2/3/2022 21:01,-16.2567,-56.6228,82.71,80,82,5.95
55,Manacapuru,BR,2/3/2022 21:01,-3.2997,-60.6206,81.72,74,70,2.1
56,Newcastleton,GB,2/3/2022 21:01,55.1796,-2.8127,48.24,94,100,15.41
57,Bethel,US,2/3/2022 21:01,41.3712,-73.414,43.41,100,100,2.82
58,Ouallam,NE,2/3/2022 21:01,14.3188,2.0866,71.19,12,6,11.36
59,Puerto Escondido,MX,2/3/2022 21:01,15.85,-97.0667,83.66,54,0,8.08
60,Nikolskoye,RU,2/3/2022 21:01,59.7035,30.7861,3.09,100,97,1.48
61,Balikpapan,ID,2/3/2022 21:01,-1.2675,116.8289,77.99,83,40,2.3
62,Tasiilaq,GL,2/3/2022 21:01,65.6145,-37.6368,12.36,59,100,7.09
63,Aquiraz,BR,2/3/2022 21:01,-3.9014,-38.3911,83.17,81,65,8.84
64,Cape Town,ZA,2/3/2022 21:01,-33.9258,18.4232,65.08,65,8,1.99
65,Dikson,RU,2/3/2022 21:01,73.5069,80.5464,-15.99,99,100,5.14
66,Vaini,TO,2/3/2022 21:01,-21.2,-175.2,80.91,78,88,11.39
67,New Norfolk,AU,2/3/2022 21:01,-42.7826,147.0587,50.76,77,14,1.83
68,Carnarvon,AU,2/3/2022 21:01,-24.8667,113.6333,78.15,78,37,12.71
69,Lorengau,PG,2/3/2022 21:01,-2.0226,147.2712,78.96,82,100,5.93
70,Cayenne,GF,2/3/2022 21:01,4.9333,-52.3333,78.1,89,75,3
71,Tuktoyaktuk,CA,2/3/2022 21:01,69.4541,-133.0374,-18.54,99,100,10.45
72,Albany,US,2/3/2022 21:00,42.6001,-73.9662,42.19,94,100,4.38
73,Poum,NC,2/3/2022 21:01,-20.2333,164.0167,81.9,84,96,14.32
74,Souillac,MU,2/3/2022 21:01,-20.5167,57.5167,80.37,90,100,25.01
75,Castro,BR,2/3/2022 21:01,-24.7911,-50.0119,71.56,91,71,3.38
76,Port Hardy,CA,2/3/2022 21:01,50.6996,-127.4199,42.76,93,100,13.27
77,Faya,SA,2/3/2022 21:01,18.3851,42.4509,57.72,72,55,3.38
78,Shingu,JP,2/3/2022 21:01,33.7333,135.9833,40.91,72,89,6.78
79,Kardla,EE,2/3/2022 21:01,58.9978,22.7492,24.06,92,70,7.58
80,Samsun,TR,2/3/2022 21:00,41.25,36.3333,48.99,73,100,8.01
81,Ushuaia,AR,2/3/2022 21:01,-54.8,-68.3,47.3,59,100,5.23
82,Magadan,RU,2/3/2022 21:01,59.5667,150.8,0.81,75,25,10.31
83,Hobart,AU,2/3/2022 20:59,-42.8794,147.3294,51.12,87,20,1.01
84,Jalingo,NG,2/3/2022 21:01,8.8833,11.3667,74.86,18,2,4.09
85,Belmonte,BR,2/3/2022 21:01,-15.8631,-38.8828,80.37,76,21,8.72
86,Praya,CV,2/3/2022 21:01,14.9215,-23.5087,73.94,53,0,6.91
87,Zabol,AF,2/3/2022 21:01,32.25,67.25,31.57,57,0,10.25
88,Zyryanskoye,RU,2/3/2022 21:01,56.8306,86.6258,10.99,95,98,8.01
89,Bredasdorp,ZA,2/3/2022 21:01,-34.5322,20.0403,63.28,73,12,6.82
90,Saint-Philippe,RE,2/3/2022 21:01,-21.3585,55.7679,80.15,94,100,33.4
91,Abapo,BO,2/3/2022 21:01,-18.8333,-63.4667,86.61,45,50,12.86
92,Sitka,US,2/3/2022 21:01,57.0531,-135.33,36.43,95,100,7.83
93,Barrow,US,2/3/2022 21:01,71.2906,-156.7887,-25.58,68,0,0
94,Dingle,PH,2/3/2022 21:01,10.9995,122.6711,74.5,93,94,7.87
95,Botou,CN,2/3/2022 21:01,38.0667,116.5667,24.58,45,81,7.25
96,Nouakchott,MR,2/3/2022 21:01,18.0858,-15.9785,80.53,24,0,11.77
97,Busselton,AU,2/3/2022 21:01,-33.65,115.3333,79.05,40,47,7.94
98,Kavieng,PG,2/3/2022 21:01,-2.5744,150.7967,81.03,77,93,8.39
99,Nemuro,JP,2/3/2022 21:01,43.3236,145.575,21.07,71,15,13.38
100,Necochea,AR,2/3/2022 21:00,-38.5473,-58.7368,77.04,64,100,12.77
101,Srednekolymsk,RU,2/3/2022 21:01,67.45,153.6833,-37.32,100,48,1.28
102,Rikitea,PF,2/3/2022 21:01,-23.1203,-134.9692,77.61,77,100,16.17
103,Khatanga,RU,2/3/2022 21:01,71.9667,102.5,-33.39,100,33,3.15
104,Makakilo City,US,2/3/2022 21:01,21.3469,-158.0858,77.68,52,1,9.42
105,Mount Isa,AU,2/3/2022 21:01,-20.7333,139.5,71.37,43,100,14.97
106,Avarua,CK,2/3/2022 21:01,-21.2078,-159.775,82.45,78,75,17.27
107,Mataura,NZ,2/3/2022 21:01,-46.1927,168.8643,52.48,99,100,0.18
108,Arraial Do Cabo,BR,2/3/2022 21:01,-22.9661,-42.0278,75.7,89,100,13.69
109,Kahului,US,2/3/2022 21:01,20.8947,-156.47,78.96,72,3,10
110,Gotsu,JP,2/3/2022 21:01,35,132.2167,41.56,55,100,11.56
111,Saint-Pierre,RE,2/3/2022 21:01,-21.3393,55.4781,80.24,93,100,29.53
112,Pocone,BR,2/3/2022 21:01,-16.2567,-56.6228,82.71,80,82,5.95
113,Manacapuru,BR,2/3/2022 21:01,-3.2997,-60.6206,81.72,74,70,2.1
114,Newcastleton,GB,2/3/2022 21:01,55.1796,-2.8127,48.24,94,100,15.41
115,Bethel,US,2/3/2022 21:01,41.3712,-73.414,43.41,100,100,2.82
116,Gat,IL,2/3/2022 21:03,31.61,34.7642,55.4,100,5,13.02
117,Kaitangata,NZ,2/3/2022 21:03,-46.2817,169.8464,48.83,96,100,1.14
118,Smithers,CA,2/3/2022 21:03,54.7804,-127.1743,28.76,95,100,2.91
119,Mar Del Plata,AR,2/3/2022 21:00,-38.0023,-57.5575,70.88,92,80,7
120,Upernavik,GL,2/3/2022 21:03,72.7868,-56.1549,0,64,100,3.49
121,Faanui,PF,2/3/2022 21:03,-16.4833,-151.75,80.17,76,85,15.86
122,Severo-Kurilsk,RU,2/3/2022 21:03,50.6789,156.125,30.11,87,100,7.85
123,Torbay,CA,2/3/2022 21:03,47.6666,-52.7314,35.58,83,100,5.99
124,Yellowknife,CA,2/3/2022 21:03,62.456,-114.3525,-16.58,77,49,5.01
125,Hithadhoo,MV,2/3/2022 21:03,-0.6,73.0833,81.27,72,85,9.86
126,Pirassununga,BR,2/3/2022 21:03,-21.9961,-47.4258,77.22,87,72,2.75
127,Saldanha,ZA,2/3/2022 21:03,-33.0117,17.9442,63.27,83,8,14.7
128,Katsuura,JP,2/3/2022 21:00,35.1333,140.3,42.19,62,99,10.2
129,Amga,RU,2/3/2022 21:03,60.8953,131.9608,-17.41,99,100,1.54
130,Kapaa,US,2/3/2022 21:03,22.0752,-159.319,79.12,65,20,1.99
131,Kyzyl-Suu,KG,2/3/2022 21:03,42.3414,78.0056,22.03,91,100,5.41
132,Ust-Omchug,RU,2/3/2022 21:03,61.15,149.6333,-13.18,92,44,7.49
133,Victoria,HK,2/3/2022 21:01,22.2855,114.1577,54.32,84,90,1.01
134,Bathsheba,BB,2/3/2022 21:03,13.2167,-59.5167,81.21,54,20,16.11
135,Bambous Virieux,MU,2/3/2022 21:03,-20.3428,57.7575,80.22,91,100,26.22
136,Atar,MR,2/3/2022 21:02,20.5169,-13.0499,73.92,10,0,8.32
137,Champerico,GT,2/3/2022 21:00,14.3,-91.9167,89.76,59,6,13.47
138,Butaritari,KI,2/3/2022 21:03,3.0707,172.7902,81.54,75,22,14
139,La Ronge,CA,2/3/2022 21:03,55.1001,-105.2842,-6.68,83,39,8.46
140,Qaanaaq,GL,2/3/2022 21:03,77.484,-69.3632,-14.1,60,100,7.02
141,Tautira,PF,2/3/2022 21:02,-17.7333,-149.15,87.82,69,10,14.74
142,Karatau,KZ,2/3/2022 21:03,43.1667,70.4667,28.27,83,2,0.38
143,Vao,NC,2/3/2022 21:03,-22.6667,167.4833,80.1,85,81,16.91
144,Bandarbeyla,SO,2/3/2022 21:03,9.4942,50.8122,74.95,65,0,16.46
145,Prince Rupert,CA,2/3/2022 20:59,54.3161,-130.3201,42.89,93,100,14.97
146,Georgetown,MY,2/3/2022 21:03,5.4112,100.3354,80.89,82,20,3.44
147,Berlevag,NO,2/3/2022 21:03,70.8578,29.0864,24.75,80,100,9.22
148,Yar-Sale,RU,2/3/2022 21:03,66.8333,70.8333,-16.96,100,91,3.83
149,Tigre,AR,2/3/2022 21:03,-34.426,-58.5796,80.22,79,75,11.5
150,Cidreira,BR,2/3/2022 21:03,-30.1811,-50.2056,77.5,83,57,19.55
151,Punta Arenas,CL,2/3/2022 21:03,-53.15,-70.9167,50.02,53,0,5.75
152,Port Alfred,ZA,2/3/2022 21:03,-33.5906,26.891,71.31,79,72,17.87
153,Aklavik,CA,2/3/2022 21:03,68.2191,-135.0107,-23.8,99,94,4.18
154,West Monroe,US,2/3/2022 21:04,32.5185,-92.1476,35.6,90,100,10.36
155,Geraldton,AU,2/3/2022 21:04,-28.7667,114.6,72.01,40,0,10.36
156,Jennings,US,2/3/2022 21:04,38.7192,-90.2604,20.82,90,100,5.01
157,Atuona,PF,2/3/2022 21:04,-9.8,-139.0333,78.28,75,6,13.96
158,Chuy,UY,2/3/2022 21:04,-33.6971,-53.4616,78.49,77,85,11.14
159,Bluff,NZ,2/3/2022 21:03,-46.6,168.3333,52.81,84,100,3.58
160,Los Llanos De Aridane,ES,2/3/2022 21:04,28.6585,-17.9182,64.13,64,0,7
161,Juruti,BR,2/3/2022 21:04,-2.1522,-56.0922,85.17,64,100,2.19
162,Wenling,CN,2/3/2022 21:04,28.3669,121.36,41.92,94,100,11.27
163,Shaowu,CN,2/3/2022 21:04,27.3409,117.4831,39.97,95,100,2.62
164,Saint George,US,2/3/2022 21:00,37.1041,-113.5841,47.43,22,0,4
165,Babu,CN,2/3/2022 21:04,24.4167,111.5167,40.17,89,44,5.77
166,Tsaratanana,MG,2/3/2022 21:04,-16.7833,47.65,73.36,90,100,3.76
167,Zadar,HR,2/3/2022 21:04,44.1197,15.2422,43.65,75,0,1.14
168,Moerai,PF,2/3/2022 21:04,-22.4333,-151.3333,79.12,76,36,13.53
169,Mangochi,MW,2/3/2022 21:04,-14.4782,35.2645,72.46,88,34,0.92
170,Erenhot,CN,2/3/2022 21:04,43.6475,111.9767,-3.91,93,6,4.32
171,Manbij,SY,2/3/2022 21:04,36.5281,37.9549,45.37,78,99,15.05
172,Guerrero Negro,MX,2/3/2022 21:04,27.9769,-114.0611,62.73,24,0,7.92
173,Hermanus,ZA,2/3/2022 21:04,-34.4187,19.2345,63.9,75,8,9.8
174,Kodiak,US,2/3/2022 21:04,57.79,-152.4072,40.51,87,100,11.5
175,Jalu,LY,2/3/2022 21:04,29.0331,21.5482,53.33,53,29,17.22
176,Beroroha,MG,2/3/2022 21:04,-21.6667,45.1667,77.09,61,15,2.86
177,Hamilton,US,2/3/2022 20:59,39.1834,-84.5333,30.24,93,100,3
178,Provideniya,RU,2/3/2022 21:04,64.3833,-173.3,2.01,64,98,24.49
179,Cockburn Town,TC,2/3/2022 21:04,21.4612,-71.1419,74.98,75,66,24.52
180,Turbat,PK,2/3/2022 21:04,26.0023,63.044,61.97,17,0,4.65
181,Kavaratti,IN,2/3/2022 21:04,10.5669,72.642,78.82,69,6,7.27
182,Cozumel,MX,2/3/2022 21:04,20.5083,-86.9458,84.27,76,40,8.01
183,Mwinilunga,ZM,2/3/2022 21:04,-11.7358,24.4293,62.83,98,100,6.89
184,Airai,TL,2/3/2022 21:04,-8.9266,125.4092,60.44,94,100,2.53
185,Nieuw Amsterdam,SR,2/3/2022 21:04,5.8833,-55.0833,77.02,89,40,5.75
186,San Jose,US,2/3/2022 21:01,37.3394,-121.895,65.89,29,75,13
187,Bengkulu,ID,2/3/2022 21:04,-3.8004,102.2655,76.05,89,100,3.87
188,Agirish,RU,2/3/2022 21:04,61.9247,63.0231,13.87,97,100,1.39
189,Esperance,AU,2/3/2022 21:04,-33.8667,121.9,62.24,80,0,16.37
190,Abu Dhabi,AE,2/3/2022 21:04,24.4667,54.3667,68.97,78,0,5.75
191,Gizo,SB,2/3/2022 21:04,-8.103,156.8419,78.64,89,100,16.31
192,Haileybury,CA,2/3/2022 21:04,47.449,-79.6373,2.14,78,99,6.2
193,Clyde River,CA,2/3/2022 21:04,70.4692,-68.5914,-10.28,98,100,10.87
194,Nizhneudinsk,RU,2/3/2022 21:04,54.9076,99.0276,-3.68,96,49,3
195,Grand Gaube,MU,2/3/2022 21:04,-20.0064,57.6608,80.38,83,100,14
196,Lac-Megantic,CA,2/3/2022 21:01,45.5834,-70.8823,35.62,95,100,6.46
197,Port Elizabeth,ZA,2/3/2022 21:04,-33.918,25.5701,67.1,74,95,14.43
198,Sabha,LY,2/3/2022 21:04,27.0377,14.4283,51.39,46,0,6.76
199,Jamestown,US,2/3/2022 21:05,42.097,-79.2353,27.3,69,100,7
200,Rockland,US,2/3/2022 21:05,41.1668,-74.0496,44.83,83,100,1.9
201,Svetlaya,RU,2/3/2022 21:05,46.5389,138.3297,3.87,76,1,9.53
202,Saint-Augustin,CA,2/3/2022 21:05,51.226,-58.6502,31.39,97,100,14.94
203,Lompoc,US,2/3/2022 21:05,34.6391,-120.4579,69.1,42,0,9.22
204,Chimoio,MZ,2/3/2022 21:05,-19.1164,33.4833,69.04,91,12,1.59
205,Blankenberge,BE,2/3/2022 21:05,51.3131,3.1323,46.35,81,100,1.99
206,Acapulco,MX,2/3/2022 21:05,16.8634,-99.8901,84.02,65,20,5.75
207,Sao Jose Do Campestre,BR,2/3/2022 21:05,-6.3156,-35.7139,81.27,63,44,12.41
208,Bixby,US,2/3/2022 21:02,35.942,-95.8833,21.11,70,100,14.97
209,Luderitz,NA,2/3/2022 21:05,-26.6481,15.1594,68.95,68,2,15.46
210,Omboue,GA,2/3/2022 21:05,-1.5746,9.2618,76.6,85,93,4.81
211,Oksfjord,NO,2/3/2022 21:05,70.2396,22.3479,20.32,94,98,12.93
212,Lebu,CL,2/3/2022 21:05,-37.6167,-73.65,63.34,82,99,14.09
213,Woerden,NL,2/3/2022 21:05,52.0833,4.8833,47.01,79,98,7
214,Thompson,CA,2/3/2022 21:05,55.7435,-97.8558,-7.4,80,76,8.57
215,Ketchikan,US,2/3/2022 21:05,55.3422,-131.6461,44.58,93,100,11.5
216,Darhan,MN,2/3/2022 21:05,49.4867,105.9228,-11.69,97,16,4.12
217,Vardo,NO,2/3/2022 21:03,70.3705,31.1107,22.98,93,100,2.3
218,Innisfail,AU,2/3/2022 21:05,-17.5333,146.0333,76.14,95,100,4.03
219,Mehamn,NO,2/3/2022 21:05,71.0357,27.8492,24.98,86,100,3.44
220,Bilibino,RU,2/3/2022 21:05,68.0546,166.4372,-7.65,64,0,4.72
221,Hambantota,LK,2/3/2022 21:05,6.1241,81.1185,73.94,83,1,5.41
222,Mahebourg,MU,2/3/2022 21:04,-20.4081,57.7,80.26,91,100,27.04
223,Broken Hill,AU,2/3/2022 21:05,-31.95,141.4333,58.32,50,0,19.04
224,Bay City,US,2/3/2022 21:05,43.5945,-83.8889,19.96,76,40,10
225,Waipawa,NZ,2/3/2022 21:05,-41.4122,175.5153,69.3,57,51,8.84
226,Payo,ID,2/3/2022 21:05,-3.7508,103.6372,71.46,98,99,2.06
227,Vevey,CH,2/3/2022 21:05,46.4612,6.8433,48.04,92,100,1.99
228,Mago,RU,2/3/2022 21:05,53.2514,140.1822,0.63,97,100,6.15
229,Kenai,US,2/3/2022 21:05,60.5544,-151.2583,24.1,93,100,28.77
230,Coahuayana,MX,2/3/2022 21:05,18.7333,-103.6833,89.08,37,0,8.08
231,Cherskiy,RU,2/3/2022 21:05,68.75,161.3,-30.59,100,6,3.85
232,Sao Joao Da Barra,BR,2/3/2022 21:03,-21.6403,-41.0511,78.89,92,100,10.94
233,Narsaq,GL,2/3/2022 21:03,60.9167,-46.05,28.62,94,100,5.59
234,Puerto Ayora,EC,2/3/2022 21:05,-0.7393,-90.3518,84.16,85,19,5.99
235,Yinchuan,CN,2/3/2022 21:05,38.4681,106.2731,17.53,35,6,4.83
236,Valdivia,CL,2/3/2022 21:05,-39.8142,-73.2459,77.09,67,82,3.8
237,Sirvintos,LT,2/3/2022 21:05,55.05,24.95,24.35,97,100,4.97
238,Bilma,NE,2/3/2022 21:05,18.6853,12.9164,58.32,21,0,13.78
239,Bethalto,US,2/3/2022 21:05,38.9092,-90.0407,20.84,91,100,7
240,Margate,GB,2/3/2022 21:05,51.3813,1.3862,47.95,85,98,16.82
241,Severomuysk,RU,2/3/2022 21:05,56.1481,113.4267,-16.92,98,86,5.64
242,Hobyo,SO,2/3/2022 21:05,5.3505,48.5268,76.68,72,24,18.59
243,Sobolevo,RU,2/3/2022 21:05,54.4299,31.8996,15.73,97,97,7.23
244,Ribeira Grande,PT,2/3/2022 21:06,38.5167,-28.7,59.4,72,20,13.8
245,Camara De Lobos,PT,2/3/2022 21:06,32.6333,-16.9667,68,81,20,1.01
246,Antofagasta,CL,2/3/2022 21:05,-23.65,-70.4,74.21,57,5,11.56
247,Oktyabrskoye,RU,2/3/2022 21:06,43.0645,44.7417,26.74,100,100,2.24
248,East London,ZA,2/3/2022 21:06,-33.0153,27.9116,71.42,84,100,12.66
249,Nyazepetrovsk,RU,2/3/2022 21:06,56.0531,59.6028,30.63,97,100,8.93
250,Bontang,ID,2/3/2022 21:06,0.1333,117.5,76.86,86,100,5.66
251,Soderhamn,SE,2/3/2022 21:07,61.3037,17.0592,19.4,88,100,8.32
252,Bukama,CD,2/3/2022 21:07,-9.2,25.85,69.21,96,100,3.29
253,Gap,FR,2/3/2022 21:07,44.6667,6,30.79,67,100,4.21
254,Gornopravdinsk,RU,2/3/2022 21:07,60.05,69.9,24.22,95,100,10.16
255,Awjilah,LY,2/3/2022 21:03,29.1081,21.2869,53.42,56,24,15.9
256,Kruisfontein,ZA,2/3/2022 21:07,-34.0033,24.7314,64.89,75,69,12.46
257,Vanavara,RU,2/3/2022 21:07,60.34,102.2797,11.59,94,100,8.5
258,Sao Filipe,CV,2/3/2022 21:07,14.8961,-24.4956,73.58,74,0,7.9
259,Samarai,PG,2/3/2022 21:07,-10.6167,150.6667,80.28,79,98,7.4
260,Salinopolis,BR,2/3/2022 21:07,-0.6136,-47.3561,79.72,81,91,11.18
261,The Valley,AI,2/3/2022 21:07,18.217,-63.0578,80.82,73,0,13.29
262,Lagoa,PT,2/3/2022 21:03,39.05,-27.9833,57.54,73,100,14.05
263,Dalvik,IS,2/3/2022 21:07,65.9702,-18.5286,19.04,94,83,7.02
264,Chokurdakh,RU,2/3/2022 21:07,70.6333,147.9167,-28.34,100,62,3.04
265,Wuwei,CN,2/3/2022 21:07,37.9281,102.6414,17.8,37,1,0.89
266,Benghazi,LY,2/3/2022 21:07,32.1167,20.0667,56.23,54,97,30.09
267,Karratha,AU,2/3/2022 21:07,-20.7377,116.8463,81.88,74,48,5.17
268,Laguna,US,2/3/2022 21:07,38.421,-121.4238,63.95,51,0,1.99
269,Vanimo,PG,2/3/2022 21:07,-2.6741,141.3028,75.92,85,95,1.81
270,Cuamba,MZ,2/3/2022 21:02,-14.8031,36.5372,71.28,81,19,1.81
271,Minab,IR,2/3/2022 21:07,27.1467,57.0801,58.5,40,0,2.35
272,Aykhal,RU,2/3/2022 21:07,66,111.5,-20.2,100,100,2.21
273,Nancha,CN,2/3/2022 21:07,47.1333,129.2667,-8.7,98,31,3.4
274,Codrington,AU,2/3/2022 21:05,-38.2667,141.9667,60.33,71,100,12.33
275,Rocha,UY,2/3/2022 21:07,-34.4833,-54.3333,76.28,79,100,7.16
276,Itarema,BR,2/3/2022 21:07,-2.9248,-39.9167,80.87,77,95,14.27
277,Saint-Georges,GD,2/3/2022 21:07,12.0564,-61.7485,79.41,68,2,13.09
278,Bubaque,GW,2/3/2022 21:07,11.2833,-15.8333,77.81,75,0,14
279,Nizwa,OM,2/3/2022 21:07,22.9333,57.5333,64.15,47,0,4.27
280,Riyadh,SA,2/3/2022 21:05,24.6877,46.7219,64.54,35,0,11.25
281,Tabuk,PH,2/3/2022 21:07,17.4189,121.4443,67.44,95,6,2.86
282,Charcas,MX,2/3/2022 21:07,23.1333,-101.1167,69.87,19,100,22.39
283,Tupancireta,BR,2/3/2022 21:04,-29.0806,-53.8358,84.79,41,100,0.87
284,Vila Velha,BR,2/3/2022 21:04,-20.3297,-40.2925,76.95,90,75,5.75
285,Saskylakh,RU,2/3/2022 21:07,71.9167,114.0833,-18.83,97,99,2.15
286,Teguise,ES,2/3/2022 21:07,29.0605,-13.564,68.22,33,20,8.05
287,Port Augusta,AU,2/3/2022 21:07,-32.5,137.7667,58.71,53,0,5.39
288,Russell,US,2/3/2022 21:08,32.3502,-85.1999,72.68,82,100,17.27
289,Leningradskiy,RU,2/3/2022 21:08,69.3833,178.4167,-12.48,84,2,7.9
290,Nizhnyaya Poyma,RU,2/3/2022 21:08,56.1622,97.1933,-4.85,99,42,3.36
291,Nanortalik,GL,2/3/2022 21:08,60.1432,-45.2371,28.51,77,100,12.53
292,Shetpe,KZ,2/3/2022 21:08,44.1667,52.1167,42.76,53,50,19.3
293,Bonavista,CA,2/3/2022 21:05,48.6499,-53.1147,36.12,80,100,26.6
294,Launceston,AU,2/3/2022 21:06,-41.45,147.1667,53.8,75,0,1.01
295,Montrose,US,2/3/2022 21:08,38.4166,-108.2673,17.01,47,100,6.13
296,Medea,DZ,2/3/2022 21:08,36.2642,2.7539,52.25,34,100,6.96
297,Iqaluit,CA,2/3/2022 21:08,63.7506,-68.5145,-17.75,88,100,2.93
298,Nova Odesa,UA,2/3/2022 21:08,47.3078,31.7851,28.2,85,96,16.69
299,Morro Bay,US,2/3/2022 21:08,35.3658,-120.8499,69.24,37,56,4
300,Fairbanks,US,2/3/2022 21:08,64.8378,-147.7164,-6.39,62,100,5.75
301,San Marcos,US,2/3/2022 21:08,33.1434,-117.1661,68.97,24,0,5.01
302,Tahe,CN,2/3/2022 21:05,52.3333,124.7333,-5.75,75,9,9.24
303,San Cristobal,VE,2/3/2022 21:06,7.7669,-72.225,84.78,36,90,3
304,Clinton,US,2/3/2022 21:08,42.587,-82.9199,23.02,88,100,1.99
305,Vila Franca Do Campo,PT,2/3/2022 21:08,37.7167,-25.4333,61.21,79,41,13.35
306,San-Pedro,CI,2/3/2022 21:08,4.7485,-6.6363,79.84,81,3,6.08
307,Abonnema,NG,2/3/2022 21:08,4.7084,6.7931,81.16,72,8,6.98
308,Kropotkin,RU,2/3/2022 21:08,45.4375,40.5756,38.66,80,100,3.49
309,Kudahuvadhoo,MV,2/3/2022 21:08,2.6708,72.8944,81.09,74,98,6.29
310,Tiksi,RU,2/3/2022 21:08,71.6872,128.8694,-9.56,100,100,3.96
311,Sorland,NO,2/3/2022 21:08,67.667,12.6934,24.87,68,100,35.95
312,Great Yarmouth,GB,2/3/2022 21:08,52.6083,1.7305,47.95,85,100,16.06
313,Klaksvik,FO,2/3/2022 21:08,62.2266,-6.589,32.92,62,37,43.2
314,Whithorn,JM,2/3/2022 21:08,18.2604,-78.0378,79.45,68,37,2.06
315,Zhezkazgan,KZ,2/3/2022 21:08,47.8043,67.7144,1.29,90,7,6.08
316,Sangar,RU,2/3/2022 21:08,63.9242,127.4739,-25.08,99,100,2.82
317,Impfondo,CG,2/3/2022 21:08,1.6381,18.0667,73.22,36,81,3.15
318,Pisco,PE,2/3/2022 21:05,-13.7,-76.2167,77.05,61,0,14.97
319,Meppen,DE,2/3/2022 21:08,52.6906,7.291,45.82,93,100,4.61
320,Oyama,JP,2/3/2022 21:08,36.3,139.8,41.59,44,71,2.44
321,Fortuna,US,2/3/2022 21:08,40.5982,-124.1573,57.42,76,100,5.99
322,Husavik,IS,2/3/2022 21:08,66.0449,-17.3389,24.21,85,100,21.45
323,Vallenar,CL,2/3/2022 21:08,-28.5708,-70.7581,81.48,27,0,10.09
324,Ulladulla,AU,2/3/2022 21:08,-35.35,150.4667,62.1,79,89,9.08
325,Isiro,CD,2/3/2022 21:08,2.7739,27.616,73.38,36,100,1.21
326,Morgan City,US,2/3/2022 21:03,29.6994,-91.2068,54,94,100,9.22
327,Flinders,AU,2/3/2022 21:08,-34.5833,150.8552,63.21,86,82,8.01
328,Rockhampton,AU,2/3/2022 21:08,-23.3833,150.5,75.09,78,100,8.05
329,Lahijan,IR,2/3/2022 21:08,37.2061,50.0029,53.6,48,73,3.65
330,North Bend,US,2/3/2022 21:08,43.4065,-124.2243,53.17,91,40,11.5
331,Saint-Joseph,RE,2/3/2022 21:08,-21.3667,55.6167,79.16,93,100,32.97
332,Muskogee,US,2/3/2022 21:08,35.5834,-95.3336,23.07,82,100,16.11
333,Sinnamary,GF,2/3/2022 21:08,5.3833,-52.95,77.29,88,73,11.97
334,Viedma,AR,2/3/2022 21:08,-40.8135,-62.9967,84.74,25,4,12.26
335,Carballo,ES,2/3/2022 21:09,43.213,-8.691,53.87,88,98,3.94
336,Kirakira,SB,2/3/2022 21:09,-10.4544,161.9205,80.28,86,100,6.6
337,Biak,ID,2/3/2022 21:09,-0.9131,122.8766,76.57,73,100,3.67
338,Alindao,CF,2/3/2022 21:09,5.0267,21.2088,79.66,25,67,3.02
339,Atasu,KZ,2/3/2022 21:09,48.6814,71.6433,-0.02,84,1,4.76
340,Constantine,DZ,2/3/2022 21:09,36.365,6.6147,45.81,49,0,2.3
341,Kautokeino,NO,2/3/2022 21:09,69.0125,23.0412,3.25,99,99,2.08
342,Kalinagar,IN,2/3/2022 21:09,28.6167,80.1,51.98,93,62,10.33
343,Izmit,TR,2/3/2022 21:09,40.7669,29.9169,44.26,81,75,4.61
344,Gillette,US,2/3/2022 21:09,44.2911,-105.5022,27.52,43,40,8.99
345,Norman Wells,CA,2/3/2022 21:09,65.282,-126.8329,-26.34,98,41,1.48
346,Kanniyakumari,IN,2/3/2022 21:09,8.0833,77.5667,75.85,82,8,6.42
347,A Coruna,ES,2/3/2022 21:09,43.3713,-8.396,54.9,84,40,4
348,Biloela,AU,2/3/2022 21:09,-24.4167,150.5,71.91,83,91,10.27
349,San Quintin,MX,2/3/2022 21:09,30.4833,-115.95,61.21,44,1,9.62
350,Kismayo,SO,2/3/2022 21:09,-0.3582,42.5454,78.48,88,98,17.16
351,Camacha,PT,2/3/2022 21:09,33.0833,-16.3333,64.53,88,20,8.05
352,Bom Jardim,BR,2/3/2022 21:09,-7.7958,-35.5872,79.59,59,94,14.65
353,Grand-Santi,GF,2/3/2022 21:09,4.25,-54.3833,76.37,96,62,4.23
354,Batagay,RU,2/3/2022 21:09,67.6333,134.6333,-35.57,99,98,1.52
355,Tevaitoa,PF,2/3/2022 21:09,-16.7833,-151.5,80.87,72,22,17.54
356,Birao,CF,2/3/2022 21:09,10.2849,22.7882,74.98,18,22,4.25
357,Hilo,US,2/3/2022 21:09,19.7297,-155.09,78.24,71,75,6.91
358,College,US,2/3/2022 21:09,64.8569,-147.8028,1.06,62,75,9.22
359,Sawakin,SD,2/3/2022 21:09,19.1059,37.3321,77.76,84,90,3.6
360,Aktau,KZ,2/3/2022 21:07,43.65,51.2,43.38,58,81,19.93
361,Lom Sak,TH,2/3/2022 21:09,16.7798,101.2422,72.75,73,51,3.38
362,Utsmiyurt,RU,2/3/2022 21:09,43.5348,46.4695,35.55,93,97,4.83
363,Longyearbyen,SJ,2/3/2022 21:09,78.2186,15.6401,12.04,73,0,2.3
364,Galveston,US,2/3/2022 21:09,29.3669,-94.9669,42.01,87,100,8.99
365,Padang,ID,2/3/2022 21:09,-0.9492,100.3543,75.29,90,99,4.09
366,Ilo,PE,2/3/2022 21:09,-17.6394,-71.3375,74.26,69,0,11.5
367,Iracoubo,GF,2/3/2022 21:09,5.4802,-53.2011,77,88,60,11.65
368,Kaeo,NZ,2/3/2022 21:09,-35.1,173.7833,73.33,90,82,10.49
369,Isangel,VU,2/3/2022 21:09,-19.55,169.2667,81.95,80,100,8.25
370,Honiara,SB,2/3/2022 21:09,-9.4333,159.95,78.87,92,100,5.73
371,Liverpool,GB,2/3/2022 21:09,53.4106,-2.9779,51.76,82,20,10
372,Amos,CA,2/3/2022 21:09,48.5669,-78.1162,2.17,73,99,5.79
373,Richards Bay,ZA,2/3/2022 21:07,-28.783,32.0377,79.16,91,64,12.01
374,Nalut,LY,2/3/2022 21:09,30.3333,10.85,48.97,59,0,8.99
375,Pitimbu,BR,2/3/2022 21:09,-7.4706,-34.8086,82.99,74,55,12.75
376,Manokwari,ID,2/3/2022 21:09,-0.8667,134.0833,76.55,82,100,2.55
377,Pevek,RU,2/3/2022 21:09,69.7008,170.3133,-15.83,88,15,1.7
378,Indian Head,US,2/3/2022 21:09,38.6001,-77.1622,53.89,91,100,0
379,Agadez,NE,2/3/2022 21:10,19.75,10.25,55.58,21,0,8.84
380,Coihaique,CL,2/3/2022 21:10,-45.5752,-72.0662,66.81,52,40,4.61
381,Kidal,ML,2/3/2022 21:10,18.4411,1.4078,65.61,13,53,12.24
382,Grindavik,IS,2/3/2022 21:10,63.8424,-22.4338,25.27,74,75,13.8
383,Qaqortoq,GL,2/3/2022 21:10,60.7167,-46.0333,28.9,95,100,4.92
384,Palana,RU,2/3/2022 21:10,59.1167,159.9667,9.07,87,100,16.51
385,Bapatla,IN,2/3/2022 21:10,15.9,80.4667,72.59,78,25,10.07
386,Mutsu,JP,2/3/2022 21:10,41.2894,141.2169,24.01,72,91,16.24
387,Belaya Gora,RU,2/3/2022 21:10,68.5333,146.4167,-36.47,100,77,2.01
388,Jeremie,HT,2/3/2022 21:10,18.65,-74.1167,78.46,75,25,3.4
389,Kez,RU,2/3/2022 21:10,57.8979,53.7152,5.68,99,100,1.77
390,Namwala,ZM,2/3/2022 21:10,-15.7504,26.4384,67.48,96,100,3.42
391,Deputatskiy,RU,2/3/2022 21:10,69.3,139.9,-24.95,97,98,2.64
392,Olafsvik,IS,2/3/2022 21:10,64.8945,-23.7142,25.57,69,96,21.23
393,Adamantina,BR,2/3/2022 21:10,-21.6853,-51.0725,77.85,75,100,8.03
394,Kuliyapitiya,LK,2/3/2022 21:10,7.4688,80.0401,64.27,81,0,2.68
395,Moose Factory,CA,2/3/2022 21:10,51.2585,-80.6094,-5.24,81,99,7.34
396,Ancud,CL,2/3/2022 21:10,-41.8697,-73.8203,66.22,89,84,8.72
397,Kawalu,ID,2/3/2022 21:10,-7.3817,108.2082,71.53,93,99,3.22
398,Talnakh,RU,2/3/2022 21:10,69.4865,88.3972,-13.43,99,99,6.91
399,Ust-Nera,RU,2/3/2022 21:10,64.5667,143.2,-18.87,99,99,1.99
400,Lethem,GY,2/3/2022 21:10,3.3803,-59.7968,91.51,40,40,12.75
401,Storforshei,NO,2/3/2022 21:10,66.4043,14.5233,19.18,63,20,23.02
402,Ola,RU,2/3/2022 21:10,59.5833,151.2833,-0.04,79,31,11.25
403,Avera,US,2/3/2022 21:10,33.194,-82.5271,76.51,56,100,14.43
404,Dwarka,IN,2/3/2022 21:10,22.2394,68.9678,68.92,47,1,8.28
405,Boyolangu,ID,2/3/2022 21:10,-8.1181,111.8935,75.65,89,99,0.92
406,Salalah,OM,2/3/2022 21:10,17.0151,54.0924,71.69,73,0,2.3
407,Tessalit,ML,2/3/2022 21:10,20.1986,1.0114,64.81,11,82,12.37
408,Ponta Do Sol,PT,2/3/2022 21:10,32.6667,-17.1,68,73,33,3.27
409,Marzuq,YE,2/3/2022 21:10,14.4,46.4667,61.47,31,0,1.07
410,Tahta,EG,2/3/2022 21:10,26.7693,31.5021,52.95,42,0,7.83
411,Tolaga Bay,NZ,2/3/2022 21:10,-38.3667,178.3,71.46,58,9,3.89
412,Dunmore Town,BS,2/3/2022 21:10,25.5,-76.65,73.62,67,88,19.62
413,Chuchkovo,RU,2/3/2022 21:10,54.2693,41.4465,16.79,96,100,6.31
414,Fuyang,CN,2/3/2022 21:10,32.9,115.8167,32.02,88,5,3.09
415,Celestun,MX,2/3/2022 21:10,20.8667,-90.4,85.55,56,0,3.53
416,Pucallpa,PE,2/3/2022 21:07,-8.3791,-74.5539,84.24,70,75,5.75
417,Sal Rei,CV,2/3/2022 21:10,16.1833,-22.9167,70.36,81,0,13.67
418,Ilulissat,GL,2/3/2022 21:10,69.2167,-51.1,17.62,53,100,23.02
419,Altay,CN,2/3/2022 21:10,47.8667,88.1167,3.88,65,1,7.61
420,Paragominas,BR,2/3/2022 21:10,-2.9667,-47.4833,75.78,93,100,2.08
421,Mokshan,RU,2/3/2022 21:10,53.4365,44.6132,31.19,98,100,10.54
422,Ambovombe,MG,2/3/2022 21:07,-25.1667,46.0833,74.79,89,19,16.96
423,Lasem,ID,2/3/2022 21:10,-6.6922,111.4527,74.52,92,98,4.56
424,Pierre,US,2/3/2022 21:09,44.3683,-100.351,23.27,40,0,4
425,Nola,IT,2/3/2022 21:11,40.922,14.5329,50.92,48,45,1.74
426,Asau,RO,2/3/2022 21:09,46.4333,26.4,25.29,86,94,4.07
427,Tak,TH,2/3/2022 21:11,16.5833,98.8333,62.76,70,32,1.68
428,Beringovskiy,RU,2/3/2022 21:11,63.05,179.3167,-0.29,79,99,20.07
429,Acarau,BR,2/3/2022 21:11,-2.8856,-40.12,81.25,77,92,16.35
430,Andenes,NO,2/3/2022 21:11,69.3143,16.1194,22.98,58,20,24.16
431,Xuddur,SO,2/3/2022 21:11,4.1213,43.8894,77.49,26,100,11.27
432,Dickinson,US,2/3/2022 21:11,29.4608,-95.0513,41.99,87,100,7
433,Krasnoarmeysk,RU,2/3/2022 21:11,51.0239,45.6969,34.16,100,100,9.64
434,Puerto Del Rosario,ES,2/3/2022 21:07,28.5004,-13.8627,71.35,43,44,4.61
435,Santa Cruz Del Sur,CU,2/3/2022 21:11,20.7147,-77.9956,81.82,60,39,2.75
436,Gloversville,US,2/3/2022 21:07,43.0528,-74.3438,39.18,94,100,3
437,Khasan,RU,2/3/2022 21:11,42.4308,130.6434,14.52,51,0,17.81
438,Ostersund,SE,2/3/2022 21:11,63.1792,14.6357,19.62,93,100,14.97
439,Neiafu,TO,2/3/2022 21:11,-18.65,-173.9833,81.28,89,100,6.91
440,Kalmunai,LK,2/3/2022 21:11,7.4167,81.8167,73.99,81,1,4
441,Anqing,CN,2/3/2022 21:11,30.5092,117.0506,37.81,88,100,3.2
442,Gargzdai,LT,2/3/2022 21:11,55.7128,21.4033,29.98,94,100,8.63
443,Yaviza,PA,2/3/2022 21:11,8.1537,-77.6931,86.88,62,90,3.51
444,Maiduguri,NG,2/3/2022 21:11,11.8464,13.1603,65.59,21,7,8.63
445,Yabelo,ET,2/3/2022 21:11,4.8833,38.0833,67.95,33,98,13.94
446,Koceljeva,RS,2/3/2022 21:11,44.4736,19.8117,35.2,75,41,5.79
447,Renala Khurd,PK,2/3/2022 21:11,30.8833,73.6,45.14,94,0,2.8
448,Lovington,US,2/3/2022 21:11,32.944,-103.3485,20.32,63,100,4
449,Mineiros,BR,2/3/2022 21:11,-17.5694,-52.5511,77.85,79,80,6.55
450,Touros,BR,2/3/2022 21:11,-5.1989,-35.4608,83.3,74,86,14.23
451,Hay River,CA,2/3/2022 21:11,60.8156,-115.7999,-17.63,92,59,5.1
452,San Joaquin,US,2/3/2022 21:11,37.9333,-121.3011,63.48,41,0,4.61
453,Roura,GF,2/3/2022 21:11,4.7263,-52.3274,78.71,89,75,0
454,Cabo San Lucas,MX,2/3/2022 21:11,22.8909,-109.9124,73.94,60,40,13.8
455,Walvis Bay,NA,2/3/2022 21:11,-22.9575,14.5053,69.1,76,0,12.8
456,Resistencia,AR,2/3/2022 21:07,-27.4606,-58.9839,88.09,57,0,6.91
457,Carutapera,BR,2/3/2022 21:11,-1.195,-46.02,77.61,90,95,6.51
458,Kolondieba,ML,2/3/2022 21:11,11.0882,-6.8926,76.44,12,4,5.3
459,Kodinsk,RU,2/3/2022 21:11,58.6881,99.1844,3.07,97,99,3.58
460,Pangkalanbuun,ID,2/3/2022 21:11,-2.6833,111.6167,73.13,98,87,2.44
461,Penzance,GB,2/3/2022 21:11,50.1186,-5.5371,50.77,79,100,21.54
462,Dubovka,RU,2/3/2022 21:11,49.0583,44.829,34.75,100,100,6.13
463,Havoysund,NO,2/3/2022 21:11,70.9963,24.6622,25.03,75,99,15.43
464,Ouadda,CF,2/3/2022 21:11,8.0777,22.4007,71.67,22,60,5.37
465,Mirzapur,IN,2/3/2022 21:11,25.15,82.5833,57.85,82,7,6.02
466,Westerland,DE,2/3/2022 21:11,54.9079,8.3033,43.18,100,100,13.8
467,Meiganga,CM,2/3/2022 21:11,6.5167,14.3,69.39,23,100,5.59
468,Hasaki,JP,2/3/2022 21:12,35.7333,140.8333,32.4,50,52,11.9
469,Conceicao Do Araguaia,BR,2/3/2022 21:12,-8.2578,-49.2647,82.06,77,3,4.12
470,Alta Floresta,BR,2/3/2022 21:12,-9.8756,-56.0861,80.53,86,76,2.17
471,Nouadhibou,MR,2/3/2022 21:12,20.931,-17.0347,68.22,67,0,9.24
472,Lahaina,US,2/3/2022 21:12,20.8783,-156.6825,78.94,72,2,6.69
473,Mayumba,GA,2/3/2022 21:12,-3.432,10.6554,76.75,84,100,1.1
474,Sechura,PE,2/3/2022 21:12,-5.5569,-80.8222,82.98,50,44,18.86
475,Meulaboh,ID,2/3/2022 21:12,4.1363,96.1285,75.6,86,95,3.8
476,Lata,PT,2/3/2022 21:12,40.1629,-8.3327,55.81,94,100,0.2
477,Staraya Poltavka,RU,2/3/2022 21:12,50.4772,46.4814,33.13,100,100,10.09
478,Boffa,GN,2/3/2022 21:13,10.1667,-14.0333,78.51,81,5,4.7
479,Khorixas,NA,2/3/2022 21:13,-20.3667,14.9667,69.6,53,4,12.75
480,Alofi,NU,2/3/2022 21:12,-19.0595,-169.9187,81.75,77,100,17.09
481,Nampula,MZ,2/3/2022 21:13,-15.1165,39.2666,72.45,91,86,3.47
482,Ailigandi,PA,2/3/2022 21:13,9.2333,-78.0167,81.55,77,23,8.57
483,Tura,IN,2/3/2022 21:13,25.5198,90.2201,57.6,62,60,4.16
484,Kontagora,NG,2/3/2022 21:13,10.3999,5.4695,79.32,15,49,3.74
485,Constitucion,CL,2/3/2022 21:13,-35.3333,-72.4167,65.5,73,35,9.46
486,Sao Miguel Do Araguaia,BR,2/3/2022 21:09,-13.275,-50.1628,80.87,84,37,2.19
487,Piacabucu,BR,2/3/2022 21:13,-10.4056,-36.4344,80.49,71,100,13.11
488,Seymchan,RU,2/3/2022 21:13,62.8833,152.4333,-19.08,93,98,4.38
489,San Patricio,US,2/3/2022 21:13,28.017,-97.5169,41.09,74,100,20.33
490,Wanxian,CN,2/3/2022 21:13,30.8039,108.3897,43.86,72,88,1.23
491,Svetlogorsk,BY,2/3/2022 21:13,52.6333,29.7333,14.97,97,98,6.38
492,Waingapu,ID,2/3/2022 21:13,-9.6567,120.2641,78.69,83,93,10.47
493,Saratovskaya,RU,2/3/2022 21:13,44.7103,39.2244,42.62,95,100,5.39
494,Langenburg,DE,2/3/2022 21:13,49.2544,9.8458,43.5,87,100,6.91
495,Polyarnyy,RU,2/3/2022 21:13,69.1989,33.4478,3.67,89,100,1.28
496,Homer,US,2/3/2022 21:13,59.6425,-151.5483,37.29,70,100,10.36
497,Lasa,IT,2/3/2022 21:13,46.6166,10.7002,37.62,76,99,3.15
498,Khani,GE,2/3/2022 21:13,41.9563,42.9566,35.17,72,59,9.31
499,Sibolga,ID,2/3/2022 21:13,1.7427,98.7792,73.87,90,58,4.05
500,Baykit,RU,2/3/2022 21:13,61.67,96.37,15.46,96,100,3.87
501,Palafrugell,ES,2/3/2022 21:13,41.9174,3.1631,52.72,19,100,2.98
502,Chernyshevskiy,RU,2/3/2022 21:13,63.0128,112.4714,-13.27,100,96,0.51
503,Humaita,BR,2/3/2022 21:13,-7.5061,-63.0208,81.9,80,99,2.51
504,Tezu,IN,2/3/2022 21:11,27.9167,96.1667,54.14,59,70,4.56
505,Cuxhaven,DE,2/3/2022 21:13,53.8718,8.6909,44.1,93,75,8.05
506,Zyryanka,RU,2/3/2022 21:13,65.75,150.85,-25.1,98,99,6.8
507,Lerwick,GB,2/3/2022 21:13,60.1545,-1.1494,41,73,100,26.02
508,Jiaonan,CN,2/3/2022 21:13,35.8786,119.9753,30.25,56,100,7.4
509,Athabasca,CA,2/3/2022 21:13,54.7169,-113.2854,-4.18,78,91,3.51
510,Flores,GT,2/3/2022 21:13,16.9226,-89.8994,91.74,41,3,4.05
511,Marabba,SD,2/3/2022 21:13,12.35,32.1833,80.8,15,98,12.37
512,Krishnagiri,IN,2/3/2022 21:13,12.5333,78.2333,67.89,73,13,1.95
513,Nyurba,RU,2/3/2022 21:13,63.2842,118.3319,-30.05,100,84,3.36
514,Oistins,BB,2/3/2022 21:13,13.0667,-59.5333,80.69,54,20,16.11
515,Boa Vista,BR,2/3/2022 21:13,2.8197,-60.6733,89.58,43,40,6.91
516,Kamenka,RU,2/3/2022 21:14,51.3223,42.7678,31.75,100,100,4.85
517,Lincoln,US,2/3/2022 21:09,40.8,-96.667,20.89,39,0,3
518,Myitkyina,MM,2/3/2022 21:14,25.3833,97.4,51.82,82,61,2.93
519,Srbac,BA,2/3/2022 21:14,45.0978,17.525,36.27,74,99,2.35
520,Mandiana,GN,2/3/2022 21:14,10.6333,-8.6833,76.39,12,0,3.58
521,Yumen,CN,2/3/2022 21:14,40.2833,97.2,14.94,38,44,7.81
522,Dhidhdhoo,MV,2/3/2022 21:14,6.8833,73.1,80.19,75,14,8.63
523,Wawa,NG,2/3/2022 21:14,9.9022,4.4192,80.89,19,5,4.16
524,Pathardi,IN,2/3/2022 21:14,19.1667,75.1833,62.42,61,4,7.47
525,Loding,NO,2/3/2022 21:14,67.3,14.75,21.11,63,100,37.98
526,Luba,GQ,2/3/2022 21:14,3.4568,8.5547,81.32,77,12,9.57
527,Labuhan,ID,2/3/2022 21:14,-6.8844,112.2051,76.3,88,100,8.32
528,San Borja,BO,2/3/2022 21:14,-14.8167,-66.85,84.61,71,64,4.03
529,Half Moon Bay,US,2/3/2022 21:14,37.4636,-122.4286,65.91,51,0,1.01
530,Yabrud,SY,2/3/2022 21:14,33.9674,36.6574,37.06,73,11,6.62
531,Hohenstein-Ernstthal,DE,2/3/2022 21:14,50.8,12.7167,42.57,89,98,10.78
532,Malysheva,RU,2/3/2022 21:14,57.1185,61.4035,26.58,96,100,7.31
533,Puerto Baquerizo Moreno,EC,2/3/2022 21:14,-0.9,-89.6,81.59,74,20,10.36
534,Ures,MX,2/3/2022 21:14,29.4333,-110.4,62.71,10,0,3.71
535,Mezen,RU,2/3/2022 21:14,65.8522,44.24,-1.68,100,89,2.68
536,Pabrade,LT,2/3/2022 21:14,55,25.7833,23.43,98,89,2.17
537,Virginia Beach,US,2/3/2022 21:10,36.8529,-75.978,69.85,63,100,10.36
538,Te Anau,NZ,2/3/2022 21:12,-45.4167,167.7167,47.03,97,100,4.09
539,Sambava,MG,2/3/2022 21:14,-14.2667,50.1667,78.21,85,100,4.41
540,Hornepayne,CA,2/3/2022 21:14,49.2138,-84.7705,0.27,71,25,5.91
541,Port Macquarie,AU,2/3/2022 21:14,-31.4333,152.9167,64.89,84,85,17.52
542,Namibe,AO,2/3/2022 21:14,-15.1961,12.1522,73.56,72,2,9.19
543,Invermere,CA,2/3/2022 21:14,50.5167,-116.0354,16.43,61,98,1.43
544,Kraslava,LV,2/3/2022 21:14,55.8951,27.168,14.2,99,79,2.24
545,Korla,CN,2/3/2022 21:14,41.7597,86.1469,25.29,49,100,6.98
546,Koungou,YT,2/3/2022 21:14,-12.7336,45.2042,82.11,83,20,10.36
547,Athens,GR,2/3/2022 21:10,37.9795,23.7162,48.38,71,75,5.01
548,Matamoros,MX,2/3/2022 21:14,25.5333,-103.25,68.11,32,40,0
549,Raudeberg,NO,2/3/2022 21:14,61.9875,5.1352,46.96,92,100,20
550,Gwanda,ZW,2/3/2022 21:14,-20.9333,29,75.11,50,6,6.78
551,Helong,CN,2/3/2022 21:14,42.5397,128.9972,2.21,84,14,6.13
552,Doha,QA,2/3/2022 21:12,25.2867,51.5333,62.58,88,0,0
553,Araceli,PH,2/3/2022 21:14,10.5529,119.9913,79.83,83,42,21.21
554,Naze,JP,2/3/2022 21:14,28.3667,129.4833,54.9,75,100,15.84
555,Harper,LR,2/3/2022 21:14,4.375,-7.7169,80.15,79,1,7.49
556,Ferrol,ES,2/3/2022 21:14,43.4832,-8.2369,54.68,85,100,7.34
557,Adrar,MR,2/3/2022 21:14,20.5022,-10.0711,66.85,14,2,10.16
558,Anadyr,RU,2/3/2022 21:14,64.75,177.4833,14.5,57,84,22.37
559,Trelew,AR,2/3/2022 21:14,-43.249,-65.3051,77.85,35,72,15.95
560,Syracuse,IT,2/3/2022 21:13,37.0881,15.2792,50.9,53,0,5.23
561,Grao Mogol,BR,2/3/2022 21:14,-16.5594,-42.8897,72.03,88,98,3.42
562,Caravelas,BR,2/3/2022 21:14,-17.7125,-39.2481,79.34,77,92,6.89
563,Imbituba,BR,2/3/2022 21:14,-28.24,-48.6703,82.29,77,41,19.57
564,Lichuan,CN,2/3/2022 21:14,30.3,108.85,28.33,94,69,0.58
565,Huarmey,PE,2/3/2022 21:15,-10.0681,-78.1522,76.33,71,51,12.33
566,Rawson,AR,2/3/2022 21:15,-43.3002,-65.1023,73.13,48,42,15.64
567,Aleksandrovskiy Zavod,RU,2/3/2022 21:15,50.9237,117.9374,-22.92,98,48,3.65
568,Byron Bay,AU,2/3/2022 21:15,-28.65,153.6167,73.35,80,91,16.6
569,Huty,UA,2/3/2022 21:15,50.1332,35.3439,27.72,98,100,4.32
570,Tera,NE,2/3/2022 21:15,14.0078,0.7531,72.75,11,6,9.66
571,Haines Junction,CA,2/3/2022 21:15,60.7522,-137.5108,-2.25,65,100,3.44
572,Ixtapa,MX,2/3/2022 21:15,20.7,-105.2,74.43,64,100,6.91
573,Nuuk,GL,2/3/2022 21:15,64.1835,-51.7216,16.41,92,100,9.22
574,Ust-Kuyga,RU,2/3/2022 21:15,70.0167,135.6,-31.05,100,100,4.07
575,Port Hedland,AU,2/3/2022 21:15,-20.3167,118.5667,80.65,74,47,11.5
576,Imaculada,BR,2/3/2022 21:15,-7.3897,-37.5092,82.2,34,80,4.9
577,Hofn,IS,2/3/2022 21:15,64.2539,-15.2082,30.07,56,99,24.43
578,Narasannapeta,IN,2/3/2022 21:15,18.4167,84.05,70.47,81,30,4.94
579,Ilebo,CD,2/3/2022 21:15,-4.3167,20.5833,67.6,98,100,1.28
580,Iranshahr,IR,2/3/2022 21:15,27.2025,60.6848,52.14,37,0,4.61
581,Auki,SB,2/3/2022 21:15,-8.7676,160.7034,77.5,88,100,3.98
582,Villa Bruzual,VE,2/3/2022 21:15,9.3328,-69.1208,92.12,36,85,2.75
583,Lavrentiya,RU,2/3/2022 21:15,65.5833,-171,-0.36,58,0,24.79
584,Vestmannaeyjar,IS,2/3/2022 21:15,63.4427,-20.2734,26.94,68,8,23.76
585,Seddon,AU,2/3/2022 21:15,-37.8068,144.8916,62.42,83,20,3
586,Paamiut,GL,2/3/2022 21:15,61.994,-49.6678,20.16,85,100,11.9
587,Progreso,MX,2/3/2022 21:15,21.2833,-89.6667,93.31,41,0,7.96
588,Piranshahr,IR,2/3/2022 21:15,36.701,45.1413,30.36,80,66,6.31
589,Taltal,CL,2/3/2022 21:15,-25.4,-70.4833,70.23,64,22,7.49
590,Wanaka,NZ,2/3/2022 21:15,-44.7,169.15,51.12,94,100,1.01
591,Khash,IR,2/3/2022 21:15,28.2211,61.2158,47.57,23,0,1.99
592,Misratah,LY,2/3/2022 21:15,32.3754,15.0925,58.12,50,0,8.59
593,Vostok,RU,2/3/2022 21:15,46.4856,135.8833,-12.15,99,100,3.49
594,Sioux Lookout,CA,2/3/2022 21:15,50.1001,-91.917,-1.82,59,20,5.75
595,Ostrovnoy,RU,2/3/2022 21:15,68.0531,39.5131,12.85,87,100,3.29
596,Miandrivazo,MG,2/3/2022 21:15,-19.5167,45.4667,79.2,83,68,3.06
597,Tank,PK,2/3/2022 21:15,32.2217,70.3793,52.16,59,0,3.47
598,Hovd,MN,2/3/2022 21:15,48.0056,91.6419,-9.47,84,26,3.83
599,Iquitos,PE,2/3/2022 21:11,-3.7481,-73.2472,78.84,83,75,5.75
600,Iskateley,RU,2/3/2022 21:15,67.6803,53.1512,-5.67,100,97,3.89
601,Conakry,GN,2/3/2022 21:15,9.538,-13.6773,80.67,78,5,13.8
602,Rumuruti,KE,2/3/2022 21:15,0.267,36.5389,58.17,89,99,5.88
603,Sandviken,SE,2/3/2022 21:15,60.6167,16.7667,23.43,85,99,5.95
604,Tuxtla,MX,2/3/2022 21:15,16.75,-93.1167,90.41,25,2,5.32
605,Masallatah,LY,2/3/2022 21:15,32.6167,14,53.44,68,0,7.38
606,Los Andes,CL,2/3/2022 21:15,-32.8337,-70.5983,80.01,37,5,10.16
607,Mackay,AU,2/3/2022 21:15,-21.15,149.2,76.68,85,100,8.25
608,Baruun-Urt,MN,2/3/2022 21:15,46.6806,113.2792,-12.77,90,4,5.91
609,Kitgum,UG,2/3/2022 21:15,3.2783,32.8867,76.71,41,100,2.21
610,Soure,BR,2/3/2022 21:16,-0.7167,-48.5233,79.47,82,97,11.99
